injuri prevent program unpopular high school coach,3
dietari chang make midlif,3
massachusett governor get head shave support chariti,3
dad win marathon day win help ail son,3
possibl cure melanoma,3
wear orang glass get better sleep studi say,4
utah girl ha rare allergi water,3
higher purpos life tie better brain health,3
kid may like use custom playground,1
marijuana harvest medic use chile,3
museum offer array program disabl,3
girl born heart wrong side bodi prepar birthday,3
boy get food allergi blood transfus,3
chines citizen sue govern transpar monsanto herbicid,3
lacey tribut begin michigan state univers campu rock,3
answer person question activ uniqu brain activ pattern studi suggest via,4
kailahun ebola case report wa mistak say sierra leon,2
minnesota bird flu case rise investig arriv,3
erectil dysfunct drug vari effect side effect,3
blue bell expand recal ice cream made oklahoma plant,3
interact rehabilit devic restor vet use hand stroke via,3
burnthi app share fit photo stay motiv,3
neurolog condit caus uncontrol cri laughter pbafilm,3
us ambassador use bionic hand help recov knife attack,3
teen use birth control,3
wa go give wife man debilit accid hope recoveri year,3
teen artist trap toddler bodi,3
us ebola patient condit improv good,0
list patient kin hospit may caus legal confus,0
supplement market contain untest stimul,3
lauren hill cancer leav weak still fight,3
studi find risk breast ovarian cancer depend type mutat via,4
remov financi barrier organ donat expert say,3
elderli unclog leg arteri doe improv mobil,3
skin cancer remov miniatur radiat,3
experi happen brain befor die,3
tuberculosi test interrupt ohio school spring break,3
studi find breast cancer overtreat cost us per year,4
maggot infest save man life,3
lose daughter california mom vow rais awar deadli amoeba,3
rare canin flu outbreak chicago kill dog,3
coach lauren die player coach reflect year,3
brain scan may identifi diseas studi say,1
commerci weight loss program back scientif evid studi say via,4
neurolog condit caus uncontrol cri laughter,3
seafood,3
way commut hurt health,3
rare condit caus girl addict eat carpet,3
north carolina famili rais fund rare diseas research save babi boy,3
mom catch infect share makeup brush friend,3
doc remov inch leech boy throat,3
salisburi univers student diagnos tuberculosi,3
less recommend physic activ may still lengthen life,1
cigarett smoke make superbug even aggress studi find,4
mozart could make cat spay safer,3
scari new drug give user extrem strength delus,3
moder might help keep mind sharp,3
obes peopl may sensit food smell,1
fish oil safe dure chemotherapi,3
childhood adhd link secondhand smoke,3
indiana begin needl exchang counti hiv outbreak,3
pen help prevent school absenc texa elementari school,3
sierra leon kailahun district record first ebola case month,2
texa groceri chain pull blue bell product,3
dalla hospit seek dismiss nurs suit ebola,2
breast milk purchas onlin may top cow milk studi find via,4
simpl way avoid medic mistak,3
lifestyl chang avoid constip,3
thi drug could better medic marijuana,3
maryland man blame shoplift temporari amnesia,3
odd tune trumpet neck swell like bullfrog,3
clean bleach may lead childhood infect,1
girl live bodi die,3
thi drug could better medic marijuana,3
asthma veri common among swimmer,3
children develop idea free,3
franc ban model anorexia clampdown,3
deadli snake creat potent new,3
walk may help overweight peopl curb sugar crave,1
night owl higher risk diabet ill,3
way appli eyelin could unhealthi,3
scientist invent perfum smell better sweat,3
psychiatrist cope immun defici counsel chronic diseas via,3
famili seek answer mysteri ill paralyz boy,3
blind man complet tough mudder vow run boston marathon,3
connecticut teen must complet cancer treatment hospit judg say,3
curiou stori man egg via,3
doctor find fat man via,0
know befor exercis outdoor allergi,3
cardio move tighten tone butt,3
element surpris help babi learn studi say,4
top us turkey produc minnesota find fourth bird flu case usda say,4
ant tast human food studi say,4
patient may prefer get biopsi result phone,0
minim invas surgeri safe rectal cancer,3
india like add aid tb drug essenti medicin,3
morgellon diseas,3
obes children may harder time tast fat leaner kid,1
updat patient test neg ebola colorado,2
older men exercis better erectil function,3
fetal dna test prove highli accur expert warn except,3
patient evalu ebola colorado hospit see symptom,0
arkansa man kidney failur stem much ice tea,3
pregnant woman walk hospit give birth ambul carri crash,3
get rip chest without work,3
surpris way men women sens thing differ,3
india repackag condom bid attract user,3
ebola case found dure sierra leon shutdown,2
thi state ha highest use drug,3
studi find stem cell manipul promot bone growth via,4
militari suicid link deploy studi find,4
kid allow sip alcohol like drink teen studi say,4
acetaminophen effect lower back pain studi find,4
california get smog china research say,3
five us health worker releas ebola monitor nebraska,2
pessim anxieti improv perform,3
leg strap monitor lactic acid better workout,3
bizarr condit make tongu resembl geograph map,3
peanut nut good whi,3
hundr ralli around battl ovarian cancer,3
print technolog provid girl,3
next gener gmo may includ pink pineappl purpl tomato,1
rt burn bad thing tip sooth heartburn dure pregnanc,3
web search may predict diseas risk among popul,1
best food muscl growth,3
workout mix drum cardio,3
germanw tragedi highlight stigma surround mental ill,3
african plant outlaw us may offer treatment addict,1
relationship affect health,3
power posit banish neg thought help beat pancreat cancer twice,3
mani american could get ebola studi provid estim,2
guess age facial scan beat doctor exam,0
mother forc choos child save kidney transplant,3
forcep left woman abdomen dure botch oper,3
woman car window plea get kidney donor,3
might breath dna superbug studi find,4
teen hiv fare wors parent come clinic appoint,3
new cancer drug overestim say contrarian analyst,3
disabl protein play role progress form al studi find,4
recoveri surgeri quicker hospit new protocol,3
priest took ice bucket challeng pittsburgh bishop die al,3
risk earli menopaus,3
biogen shorten name expand ambit alzheim al,3
china aim doubl doctor number cure healthcar woe,0
man cerebr palsi complet ironman kona conquer mt kilimanjaro via,3
sierra leon ebola lockdown expos hundr suspect case,2
mexican doubl transplant patient get humanitarian pass dh,0
saffron supplement prevent muscl weak pain workout,3
us cancer incid mortal larg stabl decreas,3
alabama babi born without nose,3
one five teen tri british studi find,4
studi fruit veget pesticid may cut sperm count half,1
food better brain health,3
thing know matcha,3
american caught ebola improv fair condit,2
devic record snore track sleep,3
kid fast food consumpt declin,3
appl day might keep pharmacist away,3
scientist make new discoveri sex,3
one woman chang way parent kid talk sex,3
lululemon pant focu male comfort,3
lo angel compani halt seafood distribut listeria,3
battl nightmar infect us cdc plan beat superbug,3
disabl vet play team sport boost qualiti life,3
mental ill alon doe explain germanw behavior expert say,3
britain offer infant mening b vaccin,3
whi get patient feet may speed recoveri icu,0
battlefield lesson transform us emerg care,3
liberia urg sexual caution beat ebola outbreak,2
expert caution random drug test school,3
ohio famili move colorado daughter medic marijuana treatment,3
measur kid medicin metric unit spoon doctor say,0
hear loss could headphon blame,3
mri may detect cancer improv biopsi,1
rt want health video subscrib channel learn live healthiest life,3
rt take thi short quiz today test knowledg alcohol pregnanc,3
british ebola patient cure experiment treatment,0
achiev healthi pregnanc hiv via,3
dad eat pot browni think ha stroke,3
first junk food tax us come navajo nation next month,3
famili blame marijuana candi suicid,3
oklahoma star brace sweet bullet lodg shoulder,3
eyelin close eye lead contamin,3
mom excess pregnanc weight link kid obes,3
florida boy celebr end radiat surpris visit power ranger,3
widow may fewer social financi problem past,1
plain cigarett pack health warn may encourag quit,1
ebola unlik expert say,2
sierra leonean stay home final push stop ebola,2
two experiment ebola vaccin pass safeti test african trial,2
maker taint medic scope issu new clean guid,3
germanw past may hold key hi action,1
answer common question hiv needl drug use,3
white hous craft plan fight superbug,3
manag chronic condit workplac,3
natali dormer fit move,3
smart pill amp brain zap riski bioethicist weigh,3
american contract ebola improv seriou condit,2
diabet nerv damag walk pose fall risk,3
evid xylitol benefit lack,3
recoveri time play key role ncaa march mad athlet via,3
nurs help team cross finish line georgia,3
new ebola infect continu drop guinea still concern,2
cholera plagu haiti water sanit crisi solv expert say,3
ebola deadli among babi young children studi find,4
look key statist rare diseas us,3
mother support vital sexual abus children,3
boston hospit treat survivor honduran market blast,3
scienc patient drive rare diseas drug research surg,0
adequ sleep tie women sexual function,3
interrupt sit time may improv health type diabet,1
indiana declar public health emerg hiv outbreak,3
research identifi million genet variant iceland,3
whi cheat diet actual good,3
life event lead divorc,3
kid like use marijuana suspens consequ,3
men new target osteoporosi treatment,3
frequent gastrointestin issu may earli sign autism studi say,1
boost memori take nap studi say,4
research figur make chocol healthier,3
repeat use antibiot may rais diabet risk,1
scienc patient drive rare diseas drug research surg,0
new fda drug approv may help bioterror attack via,1
man built giant snow kidney rais awar find match,3
diabet case diagnos medicaid expans,3
australian sibl work rais awar childhood cancer,3
angelina joli pitt surgeri whi ovari remov,3
merck say melanoma drug meet goal studi halt,4
cancer patient want info ct risk,0
drug caus man side effect make comeback disast,3
quillaja come beer soda shampoo,3
resuscit outcom wors famili watch doctor work,0
indian doctor find success tackl burden tuberculosi,0
vbl therapeut brain cancer drug succe studi,4
fda evalu homeopathi regulatori framework,3
fda approv emerg biosolut anthrax treatment,3
monsanto seek retract report link herbicid cancer,3
common myth supplement debunk,3
unexpect benefit exercis outdoor,3
recip less minut,3
ami kitchen recal spinach product listeria fear,3
ebola survivor may infect new liberia case,2
even nurs equal pay women,3
california teen given percent chanc surviv defi odd,3
statin stop toward end life,3
mysteri behind rise syphili rate nyc,3
children tb risk die amid slow progress treatment,3
whi coupl rememb differ,3
patient face death doctor push straight talk care,0
year later stress train pay cancer patient,0
year ebola discov relaps seen fight end,2
thi habit link thousand death,3
without symptom valu test thyroid diseas unclear,3
fiber cereal may help live longer studi say,1
report doctor tell patient alzheim,0
peni amput botch kidney oper,3
ultrasound show fetus grimac mother smoke studi say,4
ok take gener drug,3
marijuana extract children epilepsi question,3
man heart damag swallow razor blade lodg bread,3
angri outburst realli hurt health doctor find,0
antidepress sexual side effect teen,3
kid exposur secondhand smoke tie clog arteri,3
mysteri sick strike tini town,3
statin stop toward end life,3
farmer fund research breed wheat,3
us fund research better anthrax vaccin health offici say,3
us develop bird flu vaccin distribut plan yet,3
get nutrit everi bite,3
habit vegetarian steal,3
angelinajoli latest surgeri may inspir futur ovarian cancer screen via,1
tumor grown dish could help custom cancer treatment,3
realli freshen women egg,3
marijuana scienc whi today pot pack bigger punch,3
uncommon form heart attack like run famili studi find,4
deadli diseas could threaten uk within decad expert warn,3
pooch germ could keep healthi,3
opossum could save snake bite,3
blame weight woe person,3
paleo diet healthi,3
diet necessari healthi peopl,3
doctor blame un delay ebola respons via,0
texa footbal coach donat liver fellow coach,3
chilean girl ill chang mind euthanasia,3
cattl parasit studi point possibl way fight malaria,4
studi measur foul smell fat bia,4
cope style may contribut stress parent preemi,1
liberia report first new case ebola week,2
soar antibiot use anim fuel superbug fear,3
come big tobacco concern public health report say,3
monsanto weed killer caus cancer say,3
artifici sweeten may help treat aggress cancer studi find,4
treatment vagin pain,3
patient remind health worker wash hand,0
rare case woman die vaccin,3
supplement may help boy adhd,1
lebanon seiz half ton radioact sanitari towel,3
blame comput screen make us nearsight,3
evolutionari reason guy like curv,3
utah mom triplet face breast cancer battl,3
understand insur plan befor get pregnant via,3
teen anxieti,3
biogen releas alzheim drug data,3
protrud ear trigger assumpt person,3
email reveal delay declar ebola emerg due polit consider,2
sierra leon lock ebola hotspot next week,2
famili liberian health worker kill ebola get,2
colleg athlet lauren hill fundrais inspir donat,3
concuss may linger among profession basebal player,1
sobrieti test new car might prevent drunk drive death,3
texa hospit tb probe case end activ case seen,3
texa woman enjoy pepper day,3
sixth oregon colleg student stricken meningococc diseas,3
lawsuit claim arsen found popular wine,3
fast health harm help,3
snack maxim weekend workout,3
health care worker nebraska test neg ebola,2
mother smoke may affect girl lifetim reproduct health,1
tennesse boy born rare birth defect eye learn navig world,3
guinea say number ebola patient doubl sinc februari,2
industri make tobacco death health campaign claim,3
energi drink rais blood pressur studi find,4
way prevent kidney stone,3
better sex get sleep studi say,4
cook show pinterest make fat studi say,4
biomark urin may help detect kidney cancer earli studi find,4
doctor unconsci bia may influenc decis,0
power opioid fentanyl blame spike us drug overdos,3
stem cell therapi may help treat type diabet via,1
prevnar vaccin reduc seriou infect elderli studi say,4
palestinian student design vest help blind navig,3
young cancer survivor get makeov philadelphia salon,3
georgia woman rare reaction medic caus skin hair peel,3
curb cut obes rate south lo angel,3
evid rise race differ celiac diseas,3
chri borland leav nfl scienc footbal brain injuri,3
two us aid worker flown back ebola monitor,2
dozen peopl test posit tuberculosi kansa school,3
children outgrow peanut allergi,3
common way men die avoid,3
confus thing sugar,3
new test may help predict develop memori problem via,1
hot flash night sweat may linger woman sixti,1
sierra leon plan anoth shutdown stop ebola spread,2
ebola epidem whi case could threaten progress,2
research find way cut wine hangov,4
breastf earn money studi say,4
could gut caus acn fatigu memori fog,3
drug firm work find strong pain reliev invit abus,3
watch porn doe caus bedroom problem men studi say,4
young runner may pm symptom,1
michigan pilot program offer sidelin concuss test,3
guinea ebola case rise three doctor infect,2
devic manufactur su outbreak la hospit,3
salti snack tie higher blood pressur youth,3
tennesse mom work toward phd quest cure son genet disord,3
fda panel discuss ebola vaccin develop may,2
aspirin user common gene may get less colon cancer studi say,1
aid worker flown back us ebola monitor pull overnight,2
help wound soldier vet heal fli fish via,3
cyclon pam take heavi toll remot island vanuatu medicin hunter,3
compress garment improv athlet perform,3
five food help kick bedroom skill notch,3
aid worker flown back us ebola monitor,2
young runner may pm symptom,1
trader joe recal raw walnut product salmonella risk,3
social media campaign help reunit man nurs care year ago,3
earli might help elderli new back pain,3
cough medicin ingredi may aid diabet fight,1
diet soda link increas belli fat older adult,3
breast biopsi accuraci question experiment studi,4
guinea ebola case rise three doctor infect,2
finger length could point schizophrenia risk men,3
share five import thing know prepar safe,3
hospit perform liver transplant colorado,3
basketbal player kill blood disord gum,3
drug seek accept patient physician,0
tuberculosi still declin europ say,3
doctor train spot sex traffick victim,0
india bet mobil battl matern child death,3
scientist new goal grow old without diseas,3
half million babi die year unhygien hospit,3
woman rare diseas debut film sxsw,3
kidney transplant chain link stranger across us,3
tip make healthi habit stick,3
jimmi kimmel peni surgeri happen urethra close,3
doe stress make us forget,3
way eat healthier travel plane,3
reason belli fat go away,3
loner ruin health much obes,3
famili sue restaur teen eat pancak die,3
realli die broken heart,3
franc like pass bill ban model,3
die babi wa reviv hug,3
disneyland measl outbreak link low vaccin rate,3
hors dung ha scientist scent antibiot success,3
coke healthi snack compani get messag,3
blockbust bust brain wave may predict movi success,1
adult vaccin need often neglect doctor say,0
intens strength train may help fend disabl,1
liberia ebola lesson watch close explain frequent,2
new market liver diseas spawn race better test,3
manni patrick day celebr valu,3
simpl vision test may help catch concuss,1
studi call heart imag question mild chest pain,4
cold exposur death higher rural western area us,3
experiment cholesterol drug cut heart risk question remain,3
listeriosi caus ice cream death kansa offici say,3
texa girl want cancer taylor swift pass away,3
new jersey babi deliv via facetim,3
physician pitch march vasectomi male patient,0
man peni dure sex hear snap,3
four american arriv nebraska monitor ebola viru,2
psychiatrist shed light transsexu,3
place harm chemic lurk home,3
illinoi man say fieri hot sauc save hi life,3
homeopathi doe work australian expert say,3
man smash world record,3
oxycontin addict find way around,4
louisiana germ releas like due lax use lab garment,3
brewer ban high five avoid spread pink eye,3
woman rare genet condit silenc critic becom model,3
fall may tie irregular heartbeat,1
measl skeptic order pay german court rule,3
two pet goldfish get surgeri total,3
us invas cancer live five year studi say,4
daili may encourag weight loss,1
night friend mean drink,3
expert call world,3
death toll west africa ebola outbreak pass say,2
oregon boy fatal diagnosi lead treatment brother,3
south african doctor perform world first peni transplant,0
research build bionic heart houston,3
colorado boy receiv postcard father die rare neurolog diseas,3
blind therapi dog win heart million,3
worthless food cut diet,3
ident twin studi show exercis chang brain,4
measl case seen almost doubl ebola epidem countri,2
colonoscopi save one woman potenti fatal diagnosi via,3
male smoker elev risk osteoporosi,3
rais minimum age buy cigarett decreas use studi say,4
assign shift work employe prefer may improv outcom studi find,4
babi receiv heart transplant california hospit releas,3
studi memori may wrong,1
epilepsi drug may revers memori loss potenti alzheim patient,0
epilepsi drug may revers memori loss potenti alzheim patient,0
assign shift work employe prefer may improv outcom studi find,4
bizarr food trend worth troubl,3
much coffe realli drink,3
studi memori may wrong,1
wane interest biggest risk race overcom ebola,2
uk health worker ebola flown back assess,2
hospit admiss chest pain may result poor commun,1
hormon still larg help heart menopaus,3
frequent marijuana use associ memori loss via,3
onlin offer person cancer medicin may trustworthi,1
artifici cartilag implant may reduc need knee replac surgeri,1
exercis diet keep elderli mental declin bay,3
surviv rate riski surgeri us vari wide studi,4
ultrasound fight alzheim mice studi hint new weapon,4
tetanu shot may aid treatment deadli brain cancer,1
screen men ed heart diseas could save money live,3
healthi food also inexpens,3
women seek happi ditch birth control pill doctor say,0
chemo doe mean go bald anymor,3
nj mom freez egg daughter,3
women seek happi ditch birth control pill doctor say,0
screen men ed heart diseas could save money live,3
trial tekmira treatment start sierra leon,2
plant give better night rest,3
psychedel link mental disord studi find,4
report specialti drug drive prescript spend jump,3
modifi mediterranean diet also good weight loss,3
parliament set vote ban brand cigarett pack,3
merck cancer drug first approv uk earli access scheme,3
record number sign swiss organ,3
combin stress depress boost risk heart patient,0
babi born rare diagnosi onli ha half hi heart via,3
custom rais money send costco employe termin cancer vacat,3
genet marker ptsd link immun system respons studi say,4
peopl spread stress,3
add inch arm without ever pick weight,3
number children born unmarri cohabit parent record high,3
like lauri documentari chronicl woman battl dementia,3
mani young indian women underweight babi research say,3
maker children tylenol plead guilti recal,3
kindergarten teacher donat kidney former student,3
wrong type prais make narcissist kid,3
dog train lie smell cancer,3
michigan men receiv heart lung donor,3
brain meter identifi,3
whi head transplant wo happen anytim soon,3
measl outbreak undoubtedli occur expert warn,3
onlin yoga app class take,3
declin postmortem exam ha slow scientif advanc,3
rise price antidot worri advoc,3
diet fish may lower risk colorect cancer,1
see medic record might eas hospit patient confus,0
prevent stillbirth therapi may protect fetu mother immun system via,1
promis celiac diseas therapi horizon,3
rural urban suicid gap widen among youth,3
us fda warn seizur alcohol risk pfizer chantix,3
got diabet app,3
freez treatment may heal injuri slow sign age,1
decod common food label claim,3
know diy brace trend,3
us militari hope learn victim chimp attack,3
flu hospit soar among older adult studi find,4
alcohol intak peak age continu old age,3
evid breast cancer prostat cancer cluster famili,3
diet may help prevent allergi,1
marijuana may trigger allergi peopl,1
mani marathon runner pace may matter gender,1
whi drink larg group could get drunker,3
singl man surrog hi mother,3
scari time chang side effect danger,3
biggest sourc salmonella case meat,3
yale footbal staff produc bone marrow donor,3
liberia remov ebola crematorium outbreak contain,2
diabet avoid problem attent heart risk,3
kidney swap complet san francisco hospit,3
ohio state requir vaccin incom student,3
unicef warn lack toilet pakistan tie stunt,3
new york citi man die week hospic wed,3
cancer remiss connecticut teen forc undergo chemo,3
georgia boy one first state test experiment cannabi oil,3
hormon may help men lose weight studi find,4
step make stress work,3
surpris food brighter smile,3
sleep depriv nap might help immun system,3
snarki app help shed pound,3
parent creat bucket list toddler son battl termin genet diseas,3
worri heart defect ncaa school adopt routin cardiac test athlet,3
parent sue teen caffein powder death,3
fda studi find littl evid antibiot milk,4
mani us live far advanc stroke care,3
inspector test posit deadli bacteria get louisiana lab cdc,3
prenat blood test detect cancer signal women,3
dirti water kill women aid breast cancer,3
man need transplant build kidney snow rais awar,3
famili doctor fail notic chopstick stuck boy brain,0
aim inspir cancer patient fashion blog rare diagnosi via,0
depress happi,3
drink day may good everyon,1
doctor use devic blood clot remov suction man kidney cancer tumor,0
fratern pledg could lose four finger frostbit haze stunt syracus,3
fda staff back inject reduc doubl chin,3
gene almost wholli respons autism studi find,4
studi find men narcissist,4
psychedel drug break brain research find,4
american wear blue rais colon cancer awar,3
dentist might abl screen diabet,3
nyc air increas risk stroke studi find,4
sicken noroviru phoenix va hospit,3
sex old age may lead sharper mind,1
marri men like dump sick spous,3
fda approv bristol myer squibb opdivo lung cancer,3
doctor help curb hysterectomi procedur say cancer back,0
flu wind fda aim better vaccin next winter,3
begin test ebola vaccin guinea,2
children southern california breath easier studi say,4
mous studi find extra oxygen may spur cell,4
california hospit perform kidney swap chain peopl,3
fda updat safeti alert scope,3
gout may protect brain alzheim diseas studi find,4
physic effect tv,3
weird thing mess heartbeat,3
main bride die cancer day dream wed,3
popular antidepress ha power revers heart failur scientist say,3
counter birth control pill might save public money,3
firefight meet iraq war vet help save bone marrow transplant,3
look attract drink,3
un say world eat excess sugar suggest cut percent diet,3
freez winter drive new yorker therapi,3
cat allow hospit pet therapi group say,3
cancer risk abov percent brit born,3
hunger frustrat grow ebola ground zero guinea,2
larg breakfast small dinner tie better diabet blood sugar,3
spider venom may hold chemic key new painkil,1
counter birth control pill might save public money,3
fda limit use testosteron drug warn possibl heart risk,3
offici urg test portland oregon see rise syphili case,3
scientist identifi peopl like benefit statin,3
us heroin overdos shift young white midwestern,3
monkey infect deadli bacteria escap louisiana lab usa today report,3
adult onli catch flu around twice decad studi find,4
allergi suffer prepar earli spring season,3
whi need vacat,3
cannabi moder impair drive,3
nyc girl may die becaus mother wo allow leukemia treatment hospit claim lawsuit,1
low blood pressur medicin tie faster mental declin,3
social network site connect multipl sclerosi patient ms,0
marathon road boston cake snow ice,3
public health offici perplex vaccin skeptic,3
cancer patient get last wish danc shakeitoffjalen classact,0
studi determin peni length,4
video game addict die game session,3
two nfl player vow donat brain scienc,3
man suffer memori loss mosquito bite dure vacat bali report say,3
cup coffe per day may lower heart attack risk,1
hospit develop strategi treat stroke patient faster,0
studi suggest benefit heart care young adult,4
ebola wane countri remain vulner,2
high school athlet need help mental health issu,3
pakistan arrest parent refus children polio vaccin,3
studi find gorilla origin half human aid viru lineag,4
harvard prevent trial studi tau alzheim protein,4
warm slim,3
factor affect weight,3
hormon sober drunken rat research find,4
injur wrestler inspir team south dakota state titl,3
nurs infect ebola sue texa hospit,2
peanut may lower risk death heart diseas,1
want know much longer get treadmil research say,3
amaz recoveri marin,3
south carolina famili defend toddler cyberbulli rare medic condit,3
skydiv ha seizur feet,3
us minor easili buy onlin studi find,4
minnesota girl die strep infect donat organ save live,3
stream fit video leav excus procrastin,3
mom daughter give birth new babi nearli minut apart,3
teenag cystic fibrosi beg chilean presid allow euthanasia,3
drug trial parent weigh life hear loss,3
studi biolog chronic fatigu ill stir debat,4
younger men bother prostat cancer treatment,3
doctor bad news seen less compassion,0
africa medicin men key halt ebola spread guinea,2
amsterdam warn tourist white heroin sold cocain,3
smoker may tap multipl sourc nicotin studi say,1
firm agre refund settl suit weightloss pill,3
sierra leon vice presid quarantin ebola,2
compani test use scope clean flaw fda say,3
truth testosteron therapi consid treatment,3
us liberia kick trial ebola drug zmapp,2
marijuana safe complic think,3
fda approv actavi revers contracept devic,3
watch nasti global flu surpris warn,3
econom downturn link uptick suicid rate among adult,3
man win drug suit grow breast,3
infect measl la vega seafood restaur,3
sleep hour per night could bad,3
caus teen headach turn bullet fragment,3
million young risk hear loss loud music un say,3
unitedhealth place tighter control hysterectomi,3
decis ebola mass vaccin august earliest say,2
data largest us tobacco studi show high use multipl product,4
second commut measl prompt california transit warn,3
rip spock learn copd,3
texa girl want cancerwith taylor swift shakeitoffjalen,3
nasal flu vaccin may safe kid egg allergi,1
heat blame spray vaccin failur swine flu,3
ovarian cycl aim rais awar killer fund cancer research,3
email doctor,0
floss befor brush teeth,3
multipl cup coffe may reduc ms risk studi find,4
new mening vaccin onli use outbreak panel recommend,3
dietari intervent need women gestat diabet studi suggest,4
suit file scope maker superbug infect,3
healthi diet link lung health,3
new test determin effect cancer treatment within hour,3
could transplant human head soon say surgeon,3
injur boston marathon coupl separ,3
experi good relationship studi find,4
butt lift fewer breast implant say us plastic surgeri report,3
woman rare case ocd cure,3
scientist call studi settl anesthesia pose risk babi,4
daili task predict hospit death heart failur patient,0
actavi superbug antibiot get approv,3
surgeri tie pregnanc benefit risk,3
ebola case past week nearli sierra leon say,2
landmark fda tobacco studi question like linger,4
michigan famili celebr birthday rare ident triplet,3
painkil abus spark hiv outbreak southern indiana,3
food addit link weight gain inflamm,3
cdc warn overus antibiot ha fuel infect,3
media politician fuel public fear say ny ebola doctor,0
app brain see better,3
doe work caus skin break,3
way stop drink soda good,3
hiv prevent save lifetim,3
rare babi born still insid amniot sac,3
lawsuit brand purina dog food kill dog,3
quit smoke percent chanc kill studi say,4
unemploy could warp person studi say,4
isra mother defi odd give birth third set twin,3
younger women may ignor heart attack sign studi find,4
buffalo cancer hospit doctor die colorado ski accid,0
best length eyelash accord scienc,3
colleg athlet battl termin cancer get ohio award celebr end season,3
doctor india profit patient report find,0
phone support help eas postpartum depress,3
clinic depress three time like commit violent crime,3
britain becom first nation legal babi,3
diseas put boy risk becom mannequin,3
fda seek speed updat devic label,3
call measl vaccin europ larg outbreak persist,3
three men first get reconstruct bionic hand amput,3
babi born new york citi crosswalk turn,3
new devic show promis treat deadli brain tumor,3
oliv oil may prevent cancer studi find,4
inflamm decreas diseas risk,3
marijuana time less deadli alcohol studi say,4
teacher donat kidney student,3
rutger freshman collaps die play basketbal,3
heart attack link energi drink,3
doc use skin woman arm replac scalp freak accid power drill,3
world diet worsen global major studi find,4
endur athlet may drink much water studi suggest,1
merck grant free licens pediatr hiv drug,3
final frontier school nutrit bake sale,3
new york attorney gener expand herbal supplement probe,3
furi rais heart attack risk,3
new screen test breast cancer,3
ebola drug show promis first test west africa,2
us govern report outlin food prone pathogen,3
measl case report california,3
man get bionic eye see famili first time year,3
see doctor print new trachea,0
superfood,3
best worst food eat sick,3
california colleg student diagnos infect,3
conjoin twin girl success separ texa,3
earli introduct peanut may prevent allergi children studi say,1
dna ring may detect earli cancer research find,1
bond babi affect teen,3
toddler actual drink coffe,3
woman want give birth dead daughter babi,3
famili bring school danc live room daughter battl rare condit,3
research engin wisdom teeth stem cell treat corneal scar,3
stabil tool keep bodyweight fit craze balanc,3
tobacco compani fight claim smoke effect,3
pediatrician urg approach child nutrit,3
maker face rise counterfeit,3
us health offici push stricter defens,3
mother speak amid backlash measl antivax,3
cope stress befor happen may affect recoveri studi suggest,1
man swear candi reportedli find parasit worm chocol bar,3
children fewer allergi famili dish hand,3
breastfeed may protect babi arsen exposur,1
ocd intrus thought overwhelm brain,3
smartwatch detect epilept seizur,3
tip better understand health insur obamacar,3
doctor use fit tracker amp app challeng remain,0
doctor say fit tracker health app boost care,0
studi reveal whi hungri peopl want binder clip saywhat,4
man day live marri fiance help hospic center,3
cdc discov new viru kansa,3
hookah myth debunk filter toxic chemic,3
man undergo second surgeri remov tumor face,3
fda eas access dna screen inherit diseas,3
court disclos hiv befor sex misdemeanor,3
indian health offici say die flu outbreak,3
malaria found close myanmar border india,3
food compani aim reinvent diet food stay relev,3
approv ebola test corgenix,2
patient infect ucla grave condit design instrument use question,0
glass red wine help burn fat cell,3
us cancer surviv rate improv studi find,4
man save rare transplant,3
doctor discov brain tumor girl twin brother battl cancer,0
health diet propos sugari drink coffe egg,3
doc fail detect condit pregnant mom famili say,3
men finger length indic nice women,3
link air pollut suicid discov,3
women shop seek varieti men fertil studi say,4
texa ebola quarantin success depend assist daili need cdc report find,2
paralyz maryland girl walk new york fashion week nyfw amaz,3
chemic plastic may alter boy genit befor birth,1
thi state nation happiest first time,3
even light activ may help heart older peopl,1
rins combo wash harm bacteria,3
retir pastor credit recoveri brain tumor hi faith god,3
marijuana munch may come scrambl neuron signal,1
martial art program help kid kick cancer,3
california confirm case measl state,3
global progress obes slow,3
pay gene therapi annuiti next big thing,3
cardio workout mess muscl growth fit health,3
import spice recal may heard,1
ucla say peopl expos infect,3
sleep paralysi,3
half american risk carcinogen exposur soda studi find,4
kid type diabet risk mental health problem,3
highli process food tie addict eat may pave way obes treatment,1
fda approv new use celgen cancer drug revlimid,3
univers oregon athlet die suddenli may mening offici say,1
famili ice cream breakfast day meant honor pediatr cancer patient goe viral,0
molecul show abil block hiv,3
flu shot may give boost bird flu,1
inflammatori bowel diseas may mom bacteria dna,1
tobacco smoke harm everi part bodi,3
cv urg cost control new cholesterol drug,3
vape got jail sell inmat,3
preschool nap may sleep wors night,1
washington state panel mull bill trim vaccin exempt,3
pakistan vaccin children ha becom deadli battl,3
health offici track measl outbreak origin look philippin report say,3
michigan mom sell breast milk onlin bodi builder,3
psychoact amazonian medicin gain popular may treat health disord,1
way beat winter weight gain,3
measl case tie disneyland illinoi day care,3
smoke marijuana may caus psychiatr disord,1
gradual smoke cessat may possibl nicotin addict pill,1
genet condit caus man feel pain,3
studi find link financi stress eat disord sign young women,4
aid number killer adolesc africa agenc say,3
woman say secret longev raw egg men,3
marri sex life year,3
aid number killer adolesc africa agenc say,3
suspect hysterectomi devic got surgeon group bless,3
woman say secret longev raw egg men,3
marri sex life year,3
safe use med,3
snl kevin nealon open heart condit,3
beetroot juic may help lower blood pressur studi say,1
toddler reaction meth mistaken scorpion sting,3
boy diagnos grow,3
racial gap diabet tie social econom statu,3
athlet tape may limit benefit pain,1
focus fiber may work weight loss,1
mind medit may help older adult sleep better,1
mediat tie less brain loss,3
plain tobacco pack like deter smoke studi show,4
studi find live togeth may even better health marriag,4
lobbi push drugmak resubmit women sex pill,3
hot flash may last year menopaus women,1
educ youth footbal coach cut injuri studi say,4
amid us measl outbreak rule teacher vaccin,3
scientist find new aggress strain hiv cuba,4
ebola viru still infecti week death,2
leak brain fluid trace pilat injuri,3
liberia school reopen ebola closur,2
china famin drive patient black market,0
guinea sierra leon liberia target zero new ebola case day,2
research test devic help deaf children detect sound,3
ok doctor patient,0
vaccin opposit ha eb flow centuri,3
children whose parent posit attitud less like caviti studi say,4
american teenag get less less sleep studi show,4
california ha three new measl case arizona say outbreak wind,3
frostbit know sign symptom,3
kettlebel may improv aerob fit,1
drug may work well arthriti,1
whi stop red light bad,3
routin dental checkup may save girl life newser,1
whi exercis diet chang may enough treat obes,1
student loan may bad young adult mental health,1
hormon replac therapi link increas risk ovarian cancer studi find,4
berlin measl trace refuge case link us,3
obes weigh latin america success fight hunger,3
new studi reveal onlin date profil,4
costli risk follow prescript,3
way heighten partner sens better sex thi valentin day,3
brain trick boost memori recal,3
chilean siames twin born singl heart ca separ surgeon say,3
babi devast skin diseas save blood transfus,3
dog onli mammal recogn facial express studi say,4
chronic stress may put tbi caregiv risk ill,1
novavax start ebola vaccin trial human,2
disabl elderli declin sharpli icu,3
clinic trial may report side effect cancer drug,1
canada confirm case mad cow diseas first sinc,3
commut infect measl san francisco linkedin employe,3
disney gave input measl health messag document show,3
minnesota high school wrestler paralyz freak accid learn walk,3
four retail pull dietari aid shelv probe,3
women accutan need better contracept knowledg studi find,4
polish toddler found freez cold last year goe home,3
choic famili pediatr cancer patient live fear amidst measl outbreak,0
wait right may evolutionari wrong,1
peopl mental disord risk earli death,3
georgia boy open heart surgeri pacemak,3
famili walk disneyland disney world honor sister die cancer,3
diet may lower obes children risk heart diseas,1
england smoke car kid,3
offici seek student parti oregon man stricken meningococc diseas mening,3
happi word domin languag,3
doctor plan,0
alcohol may help elderli women men live longer,1
brain stent show big promis certain stroke patient,0
teacher depress may affect child learn,1
rescu pit bull fight stigma guid peopl need,3
milk allergi bewar dark chocol,3
west africa see spike ebola case declin stall say,2
use ocular ultrasound measur brain pressur may help predict stroke patient death risk,0
arizona babi born prematur receiv heart transplant,3
studi tie death type diseas smoke,4
softer less strident outreach may help calm vaccin skeptic,1
california boy beat leukemia urg measl jab,3
san francisco commut possibl expos measl train,3
thing probabl know gluten,3
thi type exercis good brain,3
stroke clot remov save brain function studi say,4
spread plagu slow madagascar death toll say,3
treadmil desk make sit,3
number date befor sex,3
former smoker jitteri lozeng shortag,3
younger gener like think vaccin unsaf,3
return egg new dietari guidelin may downplay cholesterol risk,1
look make cancer patient fairytal dream come true,0
ultramarathon runner marijuana ha ethic,3
rethink routin reduc stress fatigu,3
time activ link back pain risk,3
cholera outbreak kill mozambiqu,3
filipino nurs saudi arabia test posit mer viru,3
lesbian may heighten risk cervic cancer studi say,1
certain diabet like benefit blood pressur med,3
low vitamin youth link higher risk heart issu adulthood,3
eat right still core committe new us dietari guidelin,3
vaccin phobia autism,3
fda commission say measl outbreak,3
thing probabl know measl,3
health benefit hazelnut,3
report urg new name better diagnosi chronic fatigu,3
googl add medic detail health topic search,3
measl parti danger irrespons,3
yoga becom popular kid adult,3
us may lower cholesterol level threat health report say,1
unexpect home hazard send mani kid er,3
vaccin delay pose risk expert say,3
male woman birth twin,3
healthi valentin day sweet,3
new wave drug pois shake glaucoma treatment,3
weightloss exercis yield benefit,3
doctor fear rise strain help malaria spread,0
fight flu need stay home bed,3
recov past roadblock build promis ebola vaccin,2
heart attack women stress men,3
expert rebuff studi question us uk dietari fat recommend,4
men prostat troubl avoid cold medicin,3
young children die span bangladesh hospit,3
mump outbreak link idaho univers spread washington state,3
us measl count rise link disneyland,3
suburban chicago resid measl offici say,3
california warn intent measl exposur,3
myth fact microwav,3
infant georgia diagnos measl,3
cancer studi pinpoint sign death nigh,4
babi born twin fetus,3
mother deni abandon babi syndrom,3
teen hpv vaccin doe spur riskier sex,3
georgia girl recov receiv bone marrow transplant sister,3
late get measl vaccin,3
preemi may like develop psychiatr disord studi suggest,1
human cadav provid new skin chronic wound,3
daili cup coffe link reduc endometri cancer risk,3
missouri boy prepar brain surgeri follow heart transplant,3
guinea expand use experiment drug ebola,2
secondhand smoke exposur fall unevenli,3
us school turn new program warn teen drug risk,3
trend vex herd immun,3
doctor work eas vaccin fear,0
measl case turn attent bounti childhood vaccin,3
drunk drive wane us drug use driver rise report say,3
univers california requir student get measl shot,3
way control blood pressur without medic,3
tourist die drink nicotin tea famili say,3
teen mom pump breast milk babi gave adopt,3
father refus give babi syndrom,3
kindercar requir measl shot infant caregiv,3
high rate child death ebola special care need say,2
woman experi unexpect rapid weight gain fecal transplant procedur,3
eat organ produc limit pesticid exposur,3
group walk may mani benefit harm,1
moder drink link lower heart failur risk,3
woman first world give birth ovarian tissu transplant abdomen,3
nyc subway germ reflect neighborhood,3
puerto rico declar flu epidem dead hospit,3
head caribbean know mosquito viru,3
babi born tampa unsuspect mother,3
secret burial thwart effort stamp ebola say un,2
mother coma two month give birth babi girl,3
mosquito viru sicken travel caribbean,3
man veget state year wake tell remark stori,3
doctor might accident make symptom wors,0
american still stress money survey say,3
timetotalk trend social media spread import mental health awar,3
singl use emoji sex studi find,4
cluster measl outbreak report illinoi,3
doctor say mother prayer restart dead boy heart,0
uk studi suggest half british popul develop cancer,4
patient rate link cancer surgeri outcom,0
babi understand friendship bulli bystand,3
massachusett toddler die lice treatment goe awri,3
studi analyz effect repeat head trauma profession fighter,4
stare cancer caus celebr fda breast cancer drug,3
hear loss problem hospic patient,0
experiment blood flow provid relief angina patient,0
review call global fund fight danger superbug,3
teen tobacco user like use multipl form,3
top us doctor say medic marijuana may help condit,0
daili pot use associ brain shrinkag studi say marijuana,4
volunt surgeon nyc remov toddler tumor,3
ebola case increas slightli say,2
ebola viru sent lab like danger say cdc,2
whi worri measl,3
disneyland measl outbreak largest recent memori,3
report suggest putin ha asperg syndrom diagnosi autism,3
truth lactic acid affect workout,3
way sex affect brain,3
scientist creat smartphon accessori detect syphili hiv minut,3
kid exercis guidelin need focu brain develop expert say,3
scientist find similar brain matter loss multipl mental disord,4
women may requir oxygen uptak men fit task,1
lung cancer top cancer killer women rich nation,3
ebola drug studi cancel due declin case,2
brain ignor distract,3
celiac diseas might explain fertil problem,3
infect common caus readmiss surgeri,3
mani would risk earlier death rather take medic,3
blood ebola survivor could help spur new diseas treatment,2
woman passeng cruis straight year,3
texa woman su botch hysterectomi,3
measl workplac q amp,3
second case measl nebraska confirm,3
medic pot vend machin debut seattl,3
fda approv pfizer high profil breast cancer drug,3
famili prepar pull plug woman wake coma,3
new york attorney gener say mani herbal supplement mislabel,3
financi stress harm health,3
food swap,3
pueraria thailand herb women,3
biggest myth get pregnant,3
bobbi kristina happen brain dure,3
sea cucumb cancer treatment,3
matern pot use microscop colorado marijuana,3
craigslist person ad drive hiv spike studi say,4
birth control access key mean reach climat goal expert say,3
britain vote allow world first ivf babi,3
hundr respond social media campaign seek liver donor save twin,3
chines woman wake coma onli speak english,3
ill patient famili barrier talk care plan doctor say,0
institut aim improv surviv rate heart attack patient,0
passport program hospit facilit commun,3
peopl dementia may hidden talent strang case show,1
teen fall asleep get harder screen time,3
first hiv call center open mississippi,3
run hard light jog link live longer,3
long wait illinoi issu medic marijuana licens,3
california daycar center shut babi contract measl,3
uk decid ok make babi dna peopl,3
expert panel releas sleep recommend,3
heart health secret vine,3
twin girl need liver transplant dad onli donat one,3
boy hand undergo plastic surgeri,3
woman defi odd spinal diagnosi land career model,3
dog undergo surgeri eat boot,3
transgend children confus gender ident studi find,4
woman born without womb give birth twin,3
mother learn pregnant give birth child,3
insid global trend cafe,3
everyday chemic exposur link earlier menopaus,3
health program offer free diaper pregnant smoker kick habit,3
push outsid comfort zone key high intens interv train expert say hiit,3
comput track eye movement detect concuss,3
gate foundat award million stanford vaccin discoveri,3
heavi kid celiac diseas studi find,4
bowl champ leonard marshal teach concuss,3
boy grow hair inch long chariti locksoflov,3
crash victim thank donor whose blood save hi life,3
pursuit ebola stockpil vaccin,2
chimerix stop particip clinic studi ebola drug,2
ebola vaccin trial begin liberia,2
toddler food often ha much salt sugar find cdc studi,4
cdc urg measl vaccin amid nationwid outbreak case confirm far,3
doc skeptic paltrow claim,3
american babi less cuddli dutch one,3
end multivitamin debat whi take one may actual save life,1
healthi food midnight snack,3
whi nonprofit pay thousand poop,3
canada say husband woman diagnos avian flu also infect,3
reduc cholesterol corn oil better oliv oil studi suggest,4
organ donor ad year american live,3
drink day link increas stroke risk,3
flu hospit elderli hit record high cdc say,3
cancer organ partner nfl prostat treatment,3
studi highlight peopl like cheat,4
woman china find doctor stole kidney dure oper,0
hair loss women normal,3
high testosteron determin elig women sport,3
fit trend gym play movi lure reluct exercis,3
woman get snake venom inject instead botox,3
doctor wo see patient view,0
former nfl lineback turn yoga teacher work veteran children,3
texa man ha devic implant brain help treat epilepsi,3
new fund eas expens organ donor,3
heart attack get enough statin,3
withdraw method link condom pregnanc percept,3
us propos effort analyz dna form million peopl,3
sleep well protect brain futur studi find,4
gut bacteria anim product may caus kidney failur studi find,4
nfl say concuss percent thi year,3
brain inflamm link clinic depress studi find,4
young adult say see safe fun technolog,3
sun protect app work peopl use,3
measl may becom without vaccin proper clinic diagnosi cdc offici say,1
team super bowl may bad health,1
money marriag make parent better,3
medic aid group msf ha pull part sudan,3
cdc instal camera lab safeti push,3
ebola viru mutat scientist say,2
obama make vaccin mandatori children,3
punish doe work way psychopath,3
reason whi sleep nude,3
super bowl outcom depend player biolog clock studi suggest,4
unicef make record appeal help million children crisi,3
astrazeneca bet scissor rang new drug,3
smoker spark quit tradit aid suffer,3
norway find first case mad cow diseas say food safe,4
weekli ebola case say endgam begin,2
teammat ralli around texa teen recov fifth heart surgeri,3
arizona monitor peopl could expos measl,3
medic secret doctor tell patient,0
blue real thing,3
scale back fit tool show real result weight loss progress,3
way brain,3
california declar electron cigarett health threat,3
youth tackl footbal link cognit problem former nfl player studi find,4
troubl fall asleep may signal high blood pressur,1
american say would donat tissu research,3
sneez offic etiquett flu season,3
facebook addict look like brain,3
rabi vaccin fail rare death,3
compani craft uniqu babi name,3
quest broad deal cdc hepat analysi,3
donor pledg record global vaccin program,3
breath better health,3
kid realli need drink milk,3
us obes rate risk older adult,3
sugari drink link earlier menstruat girl,3
kid behavior problem sex earlier peer studi say,4
nurs home patient like dehydr,0
prevent program lower teen suicid risk,3
gen x whi need watch cholesterol,3
groom delay lung cancer test receiv tragic diagnosi wed,3
turmer thing know superfood,3
new procedur offer patient way achiev look without surgeri,0
egg white may help find futur cancer treatment,1
patient undergo brain surgeri epilepsi satisfi choic studi suggest,0
benadryl may increas risk alzheim studi say,1
mom die week birth twin long,3
georgia woman share daili struggl live alzheim,3
gene variant associ better age cognit function studi find,4
disabl woman write book toe amaz,3
scientist ask ebola vaccin immun well kill,2
canada resid test posit avian flu viru,3
would ban public place california bill,3
babi place isol california grappl measl outbreak,3
hard search less invas brain surgeri lead eyelid,3
hospit test estim senior chanc die within day,3
institut neglect chang kid brain structur,3
north carolina news anchor announc al diagnosi air,3
healthier super bowl snack,3
app aim help doctor monitor young patient heart,0
reason whi work still lose weight weightloss,3
singl new case reignit ebola outbreak vigil lost say msf,2
surpris spongebob show toddler swallow,3
appropri term geneticist say,3
arizona coupl ha babi eye,3
danger sexual posit sex,3
scientist find evid ptsd earli,4
deadli japanes enceph surg northeast india,3
avian flu confirm commerci turkey flock california,3
preemi less lucki love young adult studi suggest,4
medic marijuana onli ok sick children fail drug doctor say,0
safeti concern cloud earli promis power new cancer drug,3
safeti concern cloud earli promis power new cancer drug,3
breast cancer patient may lack knowledg tumor studi say,0
tattoo check diabet sugar level,3
california basebal coach contract measl case continu climb,3
la vega girl die flu despit receiv vaccin,3
app connect user virtual nutritionist health advic,3
poison control call washington colorado,3
new california law make harder skip vaccin,3
social media stress,3
laugh ga make comeback deliveri room,3
stay home amp watch tv may reduc flu spread,1
investig launch death girl die refus chemo,3
even vaccin get sick measl outbreak,3
nasal spray show promis treatment alzheim diseas,3
ebola vaccin studi come soon liberia us offici say,2
massachusett mom rais fund potenti stem cell transplant,3
law deni leprosi suffer right work travel marri studi find,4
mobil game may last benefit eye,1
wide use prescript painkil found us women childbear age cdc report,3
superbug spread contamin scope sicken dozen seattl,3
vaccin group seek diseas fight reach peak,3
dad charg sick child prompt aussi marijuana debat,3
measl outbreak cast spotlight movement,3
intervent help babi high risk autism,3
gene environ conspir trigger diabet,3
age bodi brain turn back clock,3
shower wrong,3
wrestler sue concuss caus injuri,3
career success pick conscienti spous,3
famili claim man burn death florida sauna malfunct,3
heavi soccer play befor age tie later hip deform,3
costli complex headach treatment rise,3
intervent help babi high risk autism,3
scientist find promis purifi marijuana molecul pediatr epilepsi treatment,4
one dose surgeri new way test brain tumor drug,3
nfl hall famer barri sander rais awar neurolog condit,3
autist teen get hi dream birthday gift vacuum demo,3
deal hostil boss passiv aggress,3
women better men run research say,3
lawsuit man say hi peni wa ruin thank hi insur,3
peopl realli use restaur calori label,3
nigeria bird flu state suspect bird,3
georgia man turn devic fight brain cancer,3
smoke around scienc,3
year link women risk heart diseas cancer,3
lgbt health concern need special attent expert say,3
older adult report fall,3
youth cholesterol drop blood pressur hold steadi,3
sierra leon reopen school march ebola infect slow,2
fda approv novarti drug pain skin diseas,3
idaho confirm avian flu case washington impos new quarantin,3
washington state attorney gener seek rais smoke age,3
doctor accus prescrib drug led death,0
lab test impli formaldehyd risk vapor,3
oregon hospit patient burn light oper room,0
new govern standard target pathogen poultri product,3
measl case link disney theme park,3
use birth control pill link higher risk brain tumor studi find,4
healthi exercis routin,3
food help prevent flu,3
best workout move,3
parasit worm eat woman kidney kill yike,3
next anna kournikova die heart failur tenni practic,3
emot may improv abil recal memori studi find,4
fischer center lead search find cure alzheim diseas,4
ebola front line first glimps end epidem,2
chew gum improv oral health,3
woman shed nearli pound selfi diet,3
uk doctor perform first newborn organ transplant countri,0
boy build braill printer lego start compani,3
gym time wo cancel much sit,3
older mind need physic mental activ,3
fit app lack tool,3
citi tri repair contamin water system spill,3
school near disneyland warn parent student ha measl,3
new outbreak avian flu found washington state,3
health care worker new jersey test neg ebola state say,2
bpa plastic chemic pose health risk say european watchdog,3
man surviv stab head scissor,3
higher use male ivf procedur link increas birth rate studi say,4
easi guid veggi portion,3
surpris fact colon cancer,3
drink day may protect heart abstain,1
surgeon remov rare tapeworm man brain year infest,3
surgeon remov rare tapeworm man brain year infest,3
australian father arrest give daughter cannabi oil,3
boy lose skin everi touch,3
california high school send two dozen unvaccin student home amid measl outbreak,3
daili coffe may protect melanoma studi say via,1
daili coffe may protect melanoma studi say,1
georgia man suffer stroke prepar race,3
congrat friend launch new great comprehens resourc alzheim info,3
woman thought wa suffer broken heart actual brain infect,3
colleg basketbal player like die chew gum sleep,3
woman battl leukemia surpris flash mob support outsid hospit room window,3
elderli fall studi say,4
man desert sex lead heart attack cost,3
hospit aim improv blood donor match,3
citru fruit extract may lower cholesterol scientist say,1
new year resolut exercis waver toward late januari data show,3
coupl set health goal togeth success studi suggest,4
new sri lankan health minist vow help kidney patient,0
guinea school reopen ebola fear still keep mani home,2
israel report bird flu outbreak turkey farm oie say,3
woman work ebola patient monitor nj hospit,0
big citi life may key asthma risk studi find,4
tv alcohol ad exposur link greater chanc underag drink,3
know alzheim,3
woman child die bird flu egypt five death far thi year,3
babi age gluten exposur tie celiac diseas,3
underimmun unvaccin famili cluster togeth,3
stress job may increas stroke risk,1
want know long live poll friend,3
recess get children eat fruit veggi,3
cancer hardli kill anyon research say,3
hope solut rare stiff skin syndrom,3
devic use sonar technolog aid visual impair,3
tether treadmil tri cardio machin corner,3
walk dure marathon may reduc strain without hurt time studi say,1
pizza prescript studi recommend less kid,4
mysteri kidney diseas kill sri lankan farmer,3
accept heart failur improv patient qualiti life,0
colorado research studi antibiot resist farm,4
europ tuberculosi hub britain seek wipe diseas,3
mali govern declar countri,3
woman die bird flu egypt fourth death thi year,3
say chronic diseas kill million annual china,3
bone ash liberia crematorium remind ebola trauma,2
coffe addict harm health,3
art therapi may help kid behavior problem,1
marijuana use sex aid,3
danish town citizen pleas babi,3
school guinea close amid ebola reopen monday,2
nigeria find strain bird flu poultri,3
teen rare joint diseas paint hi mouth,3
missouri hospit deliv six set twin within one month,3
research find clue melanoma resist effect treatment,4
kid ride home school snack walk,3
women smoker may risk deadli aneurysm men,1
newlyw die flu sepsi complic,3
environ trump genet shape immun system studi say,4
us twin birth rate reach record high,3
least ebola hotspot remain new case fall say un,2
q amp measl pop outbreak link disneyland park,3
new measl case connect california disney theme park,3
differ asthma older adult,3
diet affect mood,3
georgia boy receiv starwar theme prosthet arm,3
ny assemblywoman want ban cat declaw,3
explos blast leav distinct injuri veteran brain studi find,4
blood type may put risk heart diseas,1
deadli mer viru spread camel peopl onli rare,3
increas stress heavier social media use survey say,3
georgia coupl celebr birth son face condit,3
stare cancer let go reflect prospect healthier new year,3
red cross nurs die ebola sierra leon,2
abus painkil may declin us,1
younger women heart diseas prevent,3
mental health issu may increas hiv risk among gay bisexu men,1
fda say one dead mani ill receiv solut,3
china approv new polio vaccin show innov muscl,3
new ebola case slump three countri say,2
firefight fight hi pension al diagnosi,3
adhd drug could answer bing eat disord studi say,4
texa center offer innov treatment veteran traumat brain injuri ptsd,3
winter fruit veggi one nutritionist love,3
rt thank excel work thi articl grate get stori,3
thank share stori us cmvmatter,3
strong arm help run better,3
scientist find key gene mutat behind inherit heart diseas,4
cool brain protein could aid search alzheim treatment,3
paleo diet separ fact fiction,3
sierra leon presid predict zero ebola case march end,2
fda approv enteromed novel devic treat obes,3
gun suicid far common homicid,3
doctor puzzl morbidli obes,0
bladder drug may help bodi burn calori,1
lillian grace stori case remov half babi brain amaz,3
smell cash wake man yearlong coma,3
santa barbara counti infant die whoop cough vaccin,3
stabl childhood may lead healthi adult heart,1
lillian grace stori case remov half babi brain,3
help chronic fatigu patient fear eas symptom,0
psychiatrist team pediatrician treat child mental health disord,3
tri fake intellig doe work research say,3
half teen young adult car crash death involv pot alcohol,3
ebola health worker face life death decis pregnant women,2
colorado group help breast cancer survivor get tattoo,3
iowa man fought use marijuana oil rare cancer die,3
arkansa woman walk impal golf club,3
legionnair diseas bacteria found bronx hous complex,3
racial differ breast cancer outcom partli biolog,3
sign ebola cdc lab worker fear expos week ago,2
reset,3
bing drink kill thousand new studi say,4
men women experi depress differ,3
man veget state year wake tell remark stori,3
woman say cervic cancer wa dismiss doctor grow pain,0
sound mind sound bodi thi protein help,3
optim good heart studi find,4
rare diseas leav girl half kidney,3
man got heart transplant within day celebr new job new son,3
cdc director get zero ebola case,2
main woman world thank rare diseas,3
way get diet back track,3
cancer survivor plagu lack person control,3
older diabet may push blood sugar low,1
nap key learn earli life studi say,4
replac bpa plastic also suspect studi say,4
china ban us poultri egg import amid avian flu fear,3
michigan teen visit die bone cancer,3
california link measl case disneyland outbreak,3
mouthwash benefici oral health essenti expert say,3
get stress level control,3
way make treadmil run effect,3
tracker play big role fit expert say,3
profession cuddler embrac client,3
dwell breakup might help get,3
british ebola patient recov longer critic say hospit,0
whi long eyelash bad news,3
massachusett doctor beat ebola head back liberia,2
hep c drug deal rais concern,3
taiwan report bird flu outbreak oie say,3
measur need see ebola shot develop,2
obes preschool may slim head start,1
j amp j strike alzheim deal ac immun worth,3
match tradit train doctor nurs review find,0
parent honor son die rare heart diseas annual hockey tournament,3
teen ralli classmat day live,3
montana woman give birth ident triplet,3
rt time get real resolut friend,3
easi chang healthier new year,3
facebook hazard health,3
surpris reason might hurt healthymama,3
food boost immun system,3
reason eat bean health diet,3
research say beethoven music evid compos suffer irregular heartbeat,3
new implant let paralyz rat walk,3
new measl case report tie disneyland,3
rt us new amp world report list dashdiet bestdiet find,3
step new tracker go beyond data dump,3
vaccin set banish africa mening epidem,3
lead ebola vaccin appear safe test start,2
sorri kid wa born altruist,3
tv medic advic alway back evid,3
music therapi may bring troubl famili togeth,1
ethiopia launch school program teat parasit worm,3
china allow onlin sale prescript drug earli thi month sourc,3
court order nevada say prison food,3
georgia woman goe labor four month earli cruis,3
philadelphia girl rare form epilepsi get pair servic dog,3
dental bill fraud common think,3
whi stress eat doe work,3
woman ha babi one hour doctor tell pregnant,0
avian flu caus emerg poultri quarantin washington,3
pfizer fda talk prescript detail key breast cancer drug,3
distant famili histori effect predictor prostat cancer studi say,4
pivot ebola vaccin trial start thi month next say,2
bluetooth pacifi smart armchair ce best health tech,3
heart transplant recipi heart readi wed,3
panel advis hpv test replac pap test cervic cancer screen,3
diabet myth fact behind,3
thing look govern write new dietari advic,3
connecticut suprem court uphold rule teen must undergo chemo,3
famili unabl fill daughter wish donat organ due undiagnos breast cancer,3
missouri babi born two front teeth,3
scientist discov potenti weapon rang diseas potent antibiot,3
extra antioxid may make littl differ lifespan,1
could avocado day key live longer,3
trip disney theme park california link measl case,3
milk hydrat sport drink studi find,4
race video game may influenc later behavior,1
medic aid unabl enter syrian aleppo,3
connecticut suprem court hear case teen forc undergo chemo,3
surpris aphrodisiac food get mood,3
exercis home weightloss,3
skin problem get butt,3
research studi magnet brain stimul improv symptom stroke,4
sleep drug help car crash victim talk,3
sun activ dure birth could impact death,3
govern seiz million owner pharmaci tie mening outbreak,3
knee replac bring soldier back activ duti,3
china regul strengthen food drug safeti control,3
fda clear wider use rapid test influenza flu,3
gastric bypass may save live time,1
life expect type diabet may improv,1
novarti tap gene edit next gener drug,3
gene may help identifi children futur psycholog problem,1
coupl consid ivf learn one tennesse famili,3
research identifi complex neuron crucial control attent,3
tennesse coupl find famili adopt unus embryo,4
manni coupl consid ivf learn one tennesse famili,3
itchi winter skin tri natur remedi,3
step per day complic kid,3
voltag therapi help paralyz patient move regain function,0
genentech analyz parkinson genom,3
studi fertil procedur find complic uncommon women,4
fda approv first dermal filler treat acn scar,3
sugar make us veri sick research warn,3
peopl eat less meat still get name,3
new pill trick bodi think meal diet weightloss,3
doctor test new treatment adult acn,0
hyperbar oxygen therapi autism brain injuri grow despit evid efficaci,3
rt kirbi dog done day wendi b,3
stricter control need surg ill us group say,3
research identifi new strain deadli pig viru us,3
evid keep electron kid bedroom,3
thousand answer viral call pictur pet help teen battl cancer,3
whale gene offer hint longer lifespan,3
nutrit educ may prevent breast cancer recurr,1
new genet test pregnant women,3
cold weather actual caus cold studi find,4
south korea find cattl infect,4
break law may sign dementia,1
corn syrup toxic tabl sugar femal mice studi find,4
way keep weight good,3
sign work hard enough,3
connecticut teen cancer forc state undergo chemo treatment,3
eat whole grain may help live longer studi find,4
skin fat help protect infect studi find,4
day rest concuss may help teen studi say,1
ebola death top west africa say,2
liberia plan reopen school februari ebola spread ebb,2
choke death tradit new year rice cake,3
mysteri solv oscar wild wife die,3
studi explain whi women harder time quit smoke men,4
conjoin twin recov doctor perform first two surgeri separ,0
israel brainstorm say stem cell drug benefit patient al trial,0
egyptian child die bird flu mark second death thi year,3
cempra lead oral antibiot meet main goal trial,3
modern standup desk coax offic worker back feet,3
guid healthi eat may consid environ,1
major studi bereav militari famili underway,4
studi link rotat night shift work higher risk cardiovascular diseas women,4
get new heart birthday,3
woman lose breast botch enhanc surgeri,3
ebola survivor west africa share stori via mobil app help fight stigma,2
us medic worker expos ebola oversea arriv omaha,2
new diet guidelin might pull back meat,3
famili speak doctor said cancer best,0
girl rais awar cancer get diagnosi,3
constip goldfish life save surgeri,3
lack sleep parent anxieti may affect kid pain surgeri,1
med school noth,3
fda drug approv reach high,3
babi born week earli new york british parent face bill,3
atyp hyperplasia bigger breast cancer risk factor previous thought studi say,4
babi girl share new year day birthday parent,3
italian ebola patient releas hospit rome,0
cholera bacteria spear prey grab gene,3
utah mom delay cancer treatment effort save unborn son die,3
world health organ report ebola death,2
fake bar part research drug,3
winter weather alert may signal greater fall risk elderli,1
british ebola patient treat survivor blood plasma,0
first babi secret mani place,3
us cancer death fell percent sinc,3
studi conclud mani cancer caus bad luck cell divis,4
cheat still lose weight weightloss,3
girl wake dure brain surgeri ask doctor go,0
happi new year top five healthi food trend predict,3
india track toilet use tablet,3
whi today danger day year pedestrian,3
research use nanotechnolog engin acl replac,3
happi new year happi healthi,3
hangov cure elus symptom relief fizzl flow,3
data million fit app user reveal hottest trend,3
first ebola victim may infect bat,2
simpl drink tip avoid sabotag diet,3
video man pull larg ingrown hair face goe viral,3
make healthi new year eve cocktail,3
mom whose ultrasound reaction went viral give birth set twin,3
imf polici contribut ebola crisi research say,2
one annual dentist visit enough,3
research identifi gene network link autism,3
trick make hot chocol,3
scientist use model studi biolog molecul,4
scientist begin test drug gene mutat link multipl cancer,3
jennif lawrenc hungergam cast star thi ebola psa,2
studi say cup milk may ideal preschool,1
new york girl tumor disord get wish meet santa,3
man jolt back life minut befor cremat wow,3
teen die let classmat punch,3
marit problem remain steadi time satisfact declin studi say,4
medic detect work next phase ebola fight,2
communion bread go gluten free us church christma holiday,3
michigan commun put holiday concert teen battl brain cancer,3
earlier bulli tie qualiti life colleg,3
use med rise,3
weight train help keep men waistlin expand,3
parent know teen host drink parti,3
blood pressur app may danger wrong,1
hepat patient often treatment path,0
india slash health budget alreadi one world lowest,3
argentin prosthet arm first latin america read muscl impuls,3
teen rare diseas get christma surpris dure polic traffic stop merrychristma,3
exhaust sierra leon medic battl ebola zone,2
safeway pull caramel appl amid listeria scare,3
sickest state us,3
gift basket goodi keep toss,3
chug eggnog send utah man hospit christma holiday,3
doctor remov man tumor without use blood transfus,0
boy rare diseas donat holiday toy children hospit christma ucla,3
woman given less month live surpris friend famili wed,3
fda target seller pure caffein powder teen death,3
servic dog bring well children,3
heart patient fare better doctor away,0
kansa say new viru found resid death,3
death toll ebola west africa rise,2
hong kong halt us poultri import due bird flu us,3
mother depress kid young link riski teen behavior,3
exercis tie prostat cancer surviv,3
risk dengu increas due climat chang citi growth,3
restor diplomat relat cuba mean american medicin,3
chill enjoy holiday without weight gain,3
geniu way sneak exercis holiday,3
myth may put women breast reconstruct,1
fast food may lead lower school result us kid studi say,1
director turn late son fantasi tale movi honor memori,3
michigan girl donat hair children cancer,3
make flu vaccin,3
cambodia face murder charg hiv outbreak,3
autist boy wish christma card come true,3
mean ca stand one leg,3
target ad featur toddler syndrom,3
tekmira suppli ebola treatment studi west africa,2
blood ebola survivor creat cure,2
time fight tradit harm women health say,3
abandon asbesto mine still hazard india,3
cigarett smoke cost weigh heavili healthcar system,3
activ tracker get smarter measur fit,3
china parliament weigh tough curb tobacco advertis,3
china punish hospit oper room photo,3
south korea halt us poultri import due bird flu,3
britain lift bird flu restrict duck farm,3
germani step bird flu test new case discov,3
usda report say pesticid residu food noth fear,3
ebola death toll three african countri hit,2
ebola respons rural sierra leon yet rapid enough,2
dad rais daughter cancer treatment fight diseas,3
cheat diet dure holiday,3
prepackag caramel appl link death,3
texa woman paralyz waist trampolin accid,3
salt lake citi woman diagnos rare diseas caus enlarg heart dure pregnanc,3
tulsa woman indict defraud cancer patient treatment,0
rare diseas caus california babi skin blister tear touch,3
builder lose four limb bug,3
revlon remov danger chemic product,3
real holiday weight gain far less pound,3
girl lose part four limb contract rare bacteri infect,3
overweight kid exercis strain feet,3
doctor safe deliv babi woman kept life support nine week report say,0
group texa ralli around coupl fight cancer togeth,3
may safest prostat cancer,1
pain reliev may offer small protect skin cancer,1
boy surviv nail scissor lodg hi heart,3
stare cancer season generos peopl treatment,3
disgrac japan research fail replic chang stem cell result,3
stimul kid adhd less like injur themselv,3
heart expert warn air pollut danger,3
half oz health advic bad studi find,4
dancer autism say ballet chang hi life,3
global life expect increas six year,3
minnesota link caramel appl listeria death,3
teen contraband cigarett use link drug,3
boy surviv nail scissor lodg hi heart,3
doubl blow roch alzheim breast cancer studi fail,4
one million peopl wound diseas spread syria,3
gsk ebola vaccin trial seen move wider phase februari,2
diet food fight wrinkl,3
realli like front line ebola fight,2
boy need transplant get visit santa,3
pot smoker show less inflamm marijuana,3
ncaa basketbal player inoper brain tumor becom honorari coach,3
thousand respond young cancer survivor wish christma card,3
woman stuffi nose doe go away year,3
men realli feel partner pain studi find,4
earli caregiv may affect child academ social success,1
cambodian villag angri hiv outbreak,3
teen rare blood disord get wish coach laker day,3
irish face new abort debat woman,3
charg deadli mening outbreak,3
doc may conserv sex heart attack,1
south korea increas effort contain outbreak,3
obes deem disabl work rule eu court,3
ibuprofen may improv longev studi suggest,1
supplement maker admit lie ingredi,3
global popul live six year longer studi say,4
fresh setback effort cure hiv infect,3
exposur air pollut dure pregnanc may doubl autism risk studi say cappon,4
donor respond slowli west africa ebola outbreak report say,2
ebola fear speed chang us hospit record system,2
china approv experiment ebola vaccin clinic trial,2
best way blow nose realli,3
give marlo thoma holiday campaign help kid cancer,3
mani calori burn lose pound,3
sierra leonean doctor die ebola,2
eat habit drop,3
drug offer promis prevent tb,3
surpris dna sourc could identifi rapist,3
ninth egyptian die bird flu health ministri say,3
energi drink plu alcohol may encourag drunk drive,1
dystextia garbl phone text may sign stroke,1
devic offer better outcom stroke patient,0
hug day studi find perceiv social support protect infect,4
deadli cholera outbreak could increas climat chang,3
teach children handl holiday disappoint,3
propos ny rule would surgeri cover medicaid,3
blackout common among teen drinker studi find,4
carb may bad,1
print point way smarter cancer treatment,3
review evid find may help smoker quit,1
exhal pound fat leav bodi,3
marijuana research project get state fund,3
women live incontin treat,3
napster invest allergi research,3
whi peopl contagi,3
engag music class may boost children literaci studi suggest,1
ethiopian health worker arriv liberia help fight ebola,2
manni rememb cuban hero fought thi day,3
sierra leon start search ebola patient,2
fda warn use caffein powder,3
expert say mump outbreak plagu nhl like reach peak,3
student kept long island school amid flu outbreak,3
program work nfl player,3
menu sport new calori label alcohol,3
pharmaci owner arrest mening outbreak,3
health benefit give holiday,3
survey reveal common thief,3
teen nearli die ingest cocktail contain liquid nitrogen,3
femal age dure first menstrual cycl tie heart diseas risk studi find,4
tv host skip chemo save unborn babi die day birth,3
japan confirm bird flu case cull chicken,3
itali report outbreak bird flu venic region,3
mali end last quarantin could next month,3
south korea cancer victim bring class action nuclear oper,3
fda approv novarti signifor drug rare hormon disord,3
judg halt alzheim drug swap juli,3
indoor tan lead burn faint eye injuri,3
expect dad experi prenat hormon chang,3
prescript end drink goe beyond step addict,3
retir polic offic educ across us autism safeti,3
bacteria found rio olymp water,3
peopl feel younger may live longer,1
mom hear babi first time thank donat hear aid beauti,3
malaria world next big health crisi,3
yoga may improv cardiovascular risk factor studi say health heartdiseas,1
easi swap lighter holiday treat diet weightloss,3
tip keep weekend weight,3
research sourc stool sampl studi gut bacteria,4
nebraska mom receiv termin cancer diagnosi month daughter born,3
boy ha stroke go ride,3
whi might want stop drink,3
shrink psych hospit may link rise prison popul,1
review find best exercis prevent women knee injuri,4
antisoci behavior may genet trigger environ studi say,1
compani seek approv skin cancer drug,3
franc want legal termin sedat,3
sierra leon ban holiday parti effort curb ebola case,2
massachusett babi born,3
ebola respons chief say viru still spread due lack chang behavior,2
cancer patient test drug mous,0
newborn conjoin twin recov surgeri,3
lose weight use bulletproof diet weightloss,3
arsen could actual help fight breast cancer research say,3
way avoid get sick dure holiday,3
woman wake seizur discov gave birth prematur,3
woman sue hospit contract infect lead amput finger toe,3
toddler die prescrib high amount potassium,3
offic holiday parti florida hospit dozen donteatthedip,3
mom renal failur need kidney transplant,3
sierra leon lock new ebola hotspot east,2
progesteron treatment fail minim brain trauma studi find,4
georgia man turn box help eas parkinson diseas symptom,3
mysteri case hospit see second death cyanid poison,3
teenag brain cancer organ massiv toy drive michigan hospit,3
run chines boy get chopstick lodg throat,3
newtown mental health problem still emerg,3
avian flu spread southwest british columbia,3
eighth person egypt die bird flu health ministri say,3
men take risk studi find,4
california battl whoop cough epidem,3
mali say ha remain ebola case last patient recov,2
ebola vaccin trial paus patient complain joint pain,2
men thi like rais ambiti daughter,3
swallow tini magnet sever damag boy intestin,3
vegetarian go back meat fast,3
allerg reaction teen insid,3
fda warn pfizer antipsychot could caus fatal skin reaction,3
whi pain memori linger,3
research track mental ill twitter,3
red cross urg vigil avert holiday spike ebola case,2
ebola vaccin trial suspend side effect,2
look like girl battl cancer meet bald cinderella,3
infant born water die legionella infect,3
us women use birth control increas,3
mom uk say addict eat toilet paper,3
scientist debat claim sugar wors salt,3
one shot two mani question unresolv ebola vaccin race,2
hair loss treatment may danger kid,1
uncheck superbug could kill million year cost trillion,3
new hpv vaccin strengthen cancer protect,3
tennesse coupl get year prison girl soda death,3
new fuller ingredi food may aid weight loss,1
poor semen qualiti young men may predict futur health issu studi say,1
bodi ebola victim found pile sierra leon hospit,2
sleep problem may increas risk dementia studi suggest,1
prenat exposur household chemic link reduc iq studi say,4
sick student attend school via sheldon robot,3
texa boy battl cancer dream mailbox full christma card,3
christma carol sing girl termin diseas holiday,3
neighbor surpris nj girl battl inoper tumor christma light,3
worrier go bed earlier could help,3
next googl big autism project,3
obes inact rise suggest report healthiest us state,3
brain inflamm share train autism studi find,4
tech check vital sign could find doctor miss,0
rt,3
tri fusion workout combin favorit fit class big result diet weightloss,3
hpv myth fact behind,3
canadian girl battl cancer whose dream came true met kate middleton die royal,3
georgia cancer survivor mother reflect beat diseas,3
cancer patient wish firehous patch goe viral firefight bravest,0
new york coupl find success innov fertil treatment,4
georgia mom beat cancer celebr surviv,3
parent may overestim marijuana effect kid seizur,1
soda beverag champion,3
us test tube birth underreport state studi find,4
congress relax whole grain standard school,3
nearli half american think flu shot make sick,3
debt hunger birthplac ebola guinea,2
junior doctor sierra leon strike lack ebola care,2
us agenc offer legal immun ebola vaccin maker,2
mistleto ancient holiday healer christma,3
woman enter hospit cramp exit surpris babi,3
way walk actual impact mood studi,4
rt need healthi holidaygift check giftguid fitbit tech,3
rt top tip truli rt avoid holiday weight gain still fun,3
despit limit benefit older breast cancer patient still receiv radiat,0
smoke still larg contributor us cancer death studi say,4
dalla girl battl leukemia grant wish becom art teacher day,3
georgia boy receiv kidney facebook donor,3
road mental health kitchen,3
choos bed net insecticid tackl malaria studi say,4
doctor dole prescript exercis,0
player ralli youth footbal coach paralyz freak accid,3
high school chicago suburb cancel class flu outbreak,3
pharmaci error led patient death hospit confirm,0
mammogram may problemat women dens breast,1
problem home surgeri go back hospit studi say,4
teen hookah snu user like move cigarett,3
scientist find brain mechan behind glucos greed,4
malaria death rate fall ebola threaten west africa progress,2
fear hope mark life insid ebola center sierra leon doctor say,2
ebola still spread western sierra leon guinea forest un say,2
avoid holiday weight gain still fun,3
biggest myth fat burn weightloss,3
woman fake termin brain cancer dupe commun polic say,3
risk studi mine town find even small amount asbesto exposur lead lung problem,4
us suspend canadian poultri import due bird flu,3
increas riski sexual activ hpv vaccin,3
scientist believ low dose antidepress may prevent pm women,1
mean girl studi say boy actual wors,4
red wine could help fend cancer,3
kid autism eas stress,3
australian girl ha rare genet diseas caus epilepsi,3
famili woman need heart lung transplant wear christma sock spread hope,3
gene may play greater role lou gehrig diseas,1
biolog psychiatr problem garner less empathi,3
new polio case detect pakistan offici say,3
exercis may help type diabet,1
methamphetamin use soar iran lifestyl speed,3
rare conjoin twin die georgia hospit day birth,3
virtual realiti affect brain cell,3
cuban ebola patient recov treatment geneva,0
un peacekeep ebola arriv netherland treatment,2
us fda price pleasur junk food calori count rule,3
tube diet answer diabet studi suggest cappon,4
breast implant gimmick age selfi,3
canada hope bird flu contain farm,3
younger women daili aspirin may harm,1
children coach vari background train price,3
mental engag may preserv health literaci age,1
benefit newborn hear test last teen year,3
babi weigh nearli lb born colorado,3
cdc say late make new flu vaccin thi season,3
whi men love lingeri rat studi offer hint,4
polish toddler found freez cold recov,3
china end use prison organ transplant next month,3
canada bird flu viru identifi pathogen strain,3
pakistani blood transfus spread hepat hiv offici say,3
least patient go blind cataract surgeri india,0
german hospit discharg ebola patient,0
simpl intraven fluid could save mani ebola patient specialist say,0
italian ebola victim condit worsen,2
third member mission liberia contract ebola,2
diet tip improv health,3
whi job choos may affect memori later life werk,1
cdc advis doctor delay antivir flu treatment,0
rare conjoin twin share heart born georgia hospit,3
twenti year babi switch birth famili sue,3
use clock may help lose weight weightloss tictoc,1
long sleep may gene,1
tini balloon could treat deadli pregnanc complic,3
georgia girl need heart transplant receiv rare diagnosi,3
us birth rate hit low,3
two babi born experiment womb transplant,3
spread,3
spent sexual health per woman per year would reduc death say un,3
pakistani children test posit hiv blood transfus,3
onlin doctor rate may match qualiti measur,0
hpv infect common among gay bisexu teen male,3
fda chang label drug use dure pregnanc lactat,3
asian market restrict canadian poultri bird flu outbreak,3
russia limit poultri import us,3
south korea confirm case hog farm,3
hors trot hospit therapi joke,3
geographi may limit access cancer clinic trial,1
ebola booster vaccin start first trial oxford,2
dalla say ebola crisi cost citi,2
flu shot may good match viru cdc say,1
healthi habit steal amish,3
run actual bad knee,3
trick best nap ever,3
rt lot buzz mediterraneandiet today right,3
ncaa basketbal player inoper brain tumor get hospic care,3
mediterranean diet link slower age,3
long island boy ravag mysteri ill stroke,3
manni peni pump quietli help deflat medicar,3
older guy sperm realli wors studi say,4
ebola spread intens sierra leon global toll rise say,2
pregnant women get better info drug label,3
exercis weight loss surgeri may boost health improv,1
compound show promis restor muscl function spinal cord injuri,3
autism research thing learn,3
scientist identifi brain region may predict success rate quit smoke,1
space tourist face uniqu health risk,3
help inform vagin birth scarc onlin studi say,4
cardiovascular screen may worthwhil athlet,1
chikungunya spread rapidli south pacif,3
indian women disabl risk mental institut,3
special need children use power wheel mobil assist,3
diabet train program underus,3
one step time one prayer time year old fight rare aggress cancer,3
heart diseas diabet risk tie carb fat studi find,4
women highest rate depress,3
idri elba footbal take african airwav fight ebola,2
holiday travel health risk deep vein thrombosi,3
puttanesca heal pasta sauc,3
actor alan alda challeng scientist explain sleep,3
fda advis mull lift ban gay blood donor,3
mani peopl unfamiliar cancer symptom survey suggest,3
drug death doubl,3
print improv face transplant,3
toy scooter send kid er,3
famili give abandon die dog epic,3
hiv second highest killer south african youth statist offic say,3
scientist identifi network gene may predict alcohol depend,1
hepat case trace new jersey restaur worker,3
myth fact sag breast,3
cdc circumcis benefit outweigh risk,3
hospit make fewer seriou error live save,3
kid climb home like land er,3
hiv abil caus aid weaken time studi find,4
mind help teen cope stress anxieti,3
deadli pig viru jump hawaii anim feed test,3
diabet midlif link faster mental declin,3
coron exam look brain ohio state player found dead,3
chang come kidney transplant wait list,3
seriou side effect ebola vaccin test,2
lift weight without pain,3
doe stretch prevent injuri,3
never take anoth trip pharmaci,3
lighten holiday calori splurg,3
ethiopia test thousand hiv record attempt,3
studi midnight snack could hurt memori,4
dream murder say,3
new breast cancer vaccin prove safe earli clinic trial,3
three egyptian die bird flu rais death toll six,3
spiderband add bunge bounc fit workout,3
avoid holiday sugar shock better brain health,3
better free weight strength machin,3
chain desk way stay healthi work,3
astrazeneca lilli move alzheim drug big trial,3
novarti gilenya fail studi type ms,4
scienc suggest intermitt fast may health benefit,1
dog understand word emot,3
new approach elderli addict nurs home,3
rehab may give young adult addict opiat best chanc abstin studi find,4
heavi drink rais women injuri risk men,3
even without concuss high school footbal player exhibit brain chang studi say via,4
death toll ebola outbreak near west africa report,2
touch obit man fought cancer reveal,3
nip tuck click demand us plastic surgeri rise selfi era,3
studi say half infant risk suffoc sid sleep,4
abbvi add children aid drug share patent pool,3
aid campaign say pandem ha final reach tip point,3
potenti danger juic cleans,3
new materi could protect medic implant,3
forget winter blue bewar winter munchi via,3
eat much nutmeg danger uncomfort,3
colleg student kill nut allergi,3
pump breast milk ha downsid,3
fda weigh lift ban gay men donat blood,3
us adult smoke rate dip percent,3
research discov blood,3
muggl use harri potter studi brain,4
celiac diseas show mani form age,3
europ central asia fail curb spread hiv say,3
ebola case near seirra leon overtak liberia soon case,2
nonprofit organ fund patient new hip knee,0
itali pharmaceut watchdog rais alarm batch flu drug,3
mind program may improv rheumatoid arthriti symptom,1
fda regul highlight danger indoor tan,3
advis male ebola survivor abstain sex,2
new test ebola undergo trial west africa,2
happi thanksgiv grate,3
sierra leon ebola burial worker dump bodi pay protest,2
holiday side,3
famili hear son heart beat vietnam vet chest transplant,3
report someon drown everi second,3
insid battl switch birth,3
boy ca play outsid sun due rare condit,3
compound may protect weight gain,1
indian steril target remain name critic say,3
hca hospit halt use uterin fibroid surgic tool link spread cancer,3
fat blame half million cancer year agenc say,3
south korea fli medic worker europ infect fight ebola,2
us quarantin move hurt ebola respons africa harvard expert say,2
research use video game studi sleep apnea affect memori,4
energi drink realli bad,3
men suffer depress may also suffer bedroom sex,1
thanksgiv scienc whi gratitud good health,3
clinton kelli fresh fruiti take holiday dish happythanksgiv,3
